{
  "4h-0.382": {
    "n": 47,
    "wr": 44.680851063829785,
    "avgR": 0.13374399301489595,
    "totalR": 6.285967671700109,
    "pf": 1.242859851176277,
    "maxDD": 9.599701026683164,
    "exposure": 8.78594249201278
  },
  "4h-0.5": {
    "n": 40,
    "wr": 37.5,
    "avgR": 0.1360035832558338,
    "totalR": 5.440143330233353,
    "pf": 1.2246609953057577,
    "maxDD": 10.529318130282,
    "exposure": 6.690247984177697
  },
  "4h-0.618": {
    "n": 36,
    "wr": 33.33333333333333,
    "avgR": 0.20587582915840585,
    "totalR": 7.411529849702611,
    "pf": 1.3133578447439629,
    "maxDD": 13.07312813932689,
    "exposure": 4.739084132055378
  },
  "1h-0.382": {
    "n": 184,
    "wr": 39.130434782608695,
    "avgR": -0.055146538759843426,
    "totalR": -10.14696313181119,
    "pf": 0.9129251381823089,
    "maxDD": 16.848225180300787,
    "exposure": 8.75021406960592
  },
  "1h-0.5": {
    "n": 155,
    "wr": 34.193548387096776,
    "avgR": -0.05373925837534353,
    "totalR": -8.329585048178247,
    "pf": 0.9222951717221346,
    "maxDD": 17.587474464107615,
    "exposure": 6.306966300686925
  },
  "1h-0.618": {
    "n": 145,
    "wr": 31.724137931034484,
    "avgR": 0.05322826367284342,
    "totalR": 7.718098232562295,
    "pf": 1.07303302550113,
    "maxDD": 16.29162426925222,
    "exposure": 4.980686164443514
  }
}